Feature,Importance
pH,53
mb2,25
bp,20
soc20,20
snd20,16
ST_B10_all,14
ST_B10_autumn2019,13
SR_B7_autumn2019,11
tim,11
lstn,10
cec20,10
SR_B5_all,10
SR_B6_autumn2019,9
ecec20,8
dows,8
mb3,8
ST_B10_summer2019,8
bio12,7
SR_B7_spring2019,7
SR_B4_2019,7
SR_B5_summer2019,7
alb,6
SR_B5_2018_2019,6
SR_B3_autumn2019,6
mb7,6
bio1,6
ph20,6
SR_B3_2018_2019,5
SR_B4_summer2019,5
SR_B7_summer2019,5
SR_B5_winter2019,5
BulkDensity,5
SR_B6_summer2019,5
SR_B1_autumn2019,4
SR_B2_2018_2019,4
xhp20,4
SR_B7_all,4
SR_B7_2019,4
ST_B10_2018_2019,4
slope,4
SR_B3_all,4
SR_B6_spring2019,4
SR_B7_winter2019,3
ST_B10_spring2019,3
SR_B1_spring2019,3
lstd,3
hp20,3
parv,3
SR_B7_2018_2019,3
ST_B10_2019,3
SR_B6_2019,3
SR_B1_winter2019,3
SR_B5_spring2019,3
ls,2
para,2
mb1,2
SR_B2_winter2019,2
ST_B10_winter2019,2
SR_B1_all,2
SR_B6_all,2
SR_B1_2019,2
wp,2
SR_B4_winter2019,2
SR_B2_autumn2019,2
SR_B5_2019,2
SR_B1_2018_2019,2
SR_B6_winter2019,1
SR_B2_spring2019,1
SR_B3_spring2019,1
SR_B3_winter2019,1
SR_B2_summer2019,1
SR_B4_2018_2019,1
SR_B5_autumn2019,1
SR_B4_all,0
SR_B2_2019,0
SR_B3_2019,0
SR_B6_2018_2019,0
SR_B2_all,0
SR_B4_autumn2019,0
SR_B1_summer2019,0
SR_B3_summer2019,0
SR_B4_spring2019,0
