Feature,Importance
pH,178
lstn,80
snd20,66
mb7,65
slope,64
bio1,63
ST_B10_summer2019,57
ST_B10_autumn2019,57
cec20,48
parv,47
dows,42
mb2,37
bio12,35
lstd,34
para,33
tim,31
ST_B10_2019,29
bp,29
ecec20,28
mb1,28
SR_B7_summer2019,27
ph20,26
ST_B10_winter2019,24
SR_B6_winter2019,24
BulkDensity,22
mb3,22
SR_B7_all,21
SR_B7_winter2019,21
SR_B1_winter2019,21
alb,20
SR_B2_summer2019,20
xhp20,20
SR_B7_2018_2019,20
hp20,19
SR_B5_winter2019,19
ST_B10_all,19
SR_B6_all,18
SR_B4_summer2019,17
SR_B6_2018_2019,16
ST_B10_spring2019,16
wp,16
SR_B5_2019,13
SR_B3_summer2019,13
SR_B7_2019,13
soc20,13
SR_B1_all,13
SR_B1_2018_2019,13
SR_B4_winter2019,12
ST_B10_2018_2019,12
SR_B5_all,12
SR_B1_summer2019,12
SR_B6_spring2019,12
SR_B1_autumn2019,12
SR_B2_2018_2019,12
SR_B2_2019,11
SR_B5_summer2019,11
SR_B3_spring2019,10
SR_B7_spring2019,10
SR_B5_spring2019,10
SR_B4_autumn2019,9
SR_B4_all,9
SR_B2_all,9
SR_B6_summer2019,9
SR_B5_autumn2019,9
SR_B6_autumn2019,9
SR_B7_autumn2019,8
SR_B5_2018_2019,8
SR_B4_spring2019,8
SR_B1_2019,8
SR_B3_all,8
SR_B3_2018_2019,8
SR_B2_winter2019,7
SR_B4_2019,7
SR_B4_2018_2019,7
SR_B3_winter2019,7
SR_B1_spring2019,6
SR_B6_2019,6
SR_B2_autumn2019,5
SR_B3_autumn2019,5
SR_B3_2019,4
SR_B2_spring2019,4
ls,2
