Feature,Importance
snd20,27
lstn,19
bio12,19
dows,18
mb1,17
ecec20,15
bio1,15
mb7,15
pH,15
lstd,14
mb2,13
mb3,12
ST_B10_summer2019,11
parv,11
SR_B3_2018_2019,10
ST_B10_autumn2019,10
ph20,9
ST_B10_all,9
BulkDensity,9
SR_B1_summer2019,8
ST_B10_2019,8
soc20,8
SR_B2_2018_2019,7
SR_B3_winter2019,6
ST_B10_winter2019,6
SR_B2_winter2019,6
ST_B10_spring2019,6
tim,5
SR_B4_spring2019,5
SR_B6_2019,5
ls,5
para,5
SR_B6_spring2019,5
hp20,4
SR_B3_all,4
wp,4
xhp20,4
SR_B5_2019,4
ST_B10_2018_2019,4
cec20,3
alb,3
bp,3
SR_B2_all,3
SR_B4_all,3
SR_B7_2018_2019,3
SR_B6_summer2019,3
SR_B4_summer2019,3
SR_B1_winter2019,3
SR_B5_winter2019,3
SR_B7_all,3
SR_B5_autumn2019,3
SR_B2_summer2019,3
SR_B7_spring2019,2
SR_B1_spring2019,2
SR_B2_autumn2019,2
SR_B7_winter2019,2
SR_B4_winter2019,2
SR_B6_autumn2019,2
SR_B2_spring2019,2
SR_B1_all,2
SR_B6_2018_2019,2
SR_B4_2018_2019,2
SR_B5_all,2
SR_B1_autumn2019,2
SR_B7_summer2019,2
SR_B3_summer2019,2
SR_B1_2018_2019,1
SR_B6_winter2019,1
SR_B4_autumn2019,1
SR_B7_2019,1
SR_B1_2019,1
SR_B3_2019,1
slope,0
SR_B6_all,0
SR_B2_2019,0
SR_B4_2019,0
SR_B5_2018_2019,0
SR_B5_summer2019,0
SR_B7_autumn2019,0
SR_B3_autumn2019,0
SR_B3_spring2019,0
SR_B5_spring2019,0
