Feature,Importance
pH,143
lstn,60
mb1,48
bio1,47
dows,44
tim,44
ST_B10_autumn2019,44
parv,41
bp,39
ST_B10_winter2019,38
slope,38
bio12,37
wp,37
ST_B10_2019,36
alb,36
ecec20,36
para,32
mb7,32
snd20,32
ST_B10_spring2019,32
lstd,31
hp20,30
mb3,30
SR_B5_winter2019,28
soc20,28
cec20,27
SR_B5_summer2019,27
ST_B10_summer2019,27
SR_B3_summer2019,27
SR_B5_autumn2019,27
SR_B5_spring2019,26
SR_B7_winter2019,26
SR_B5_2019,26
mb2,25
SR_B6_summer2019,25
SR_B7_spring2019,25
SR_B4_all,25
ph20,24
ST_B10_all,23
SR_B4_2018_2019,23
SR_B6_winter2019,23
SR_B1_summer2019,23
SR_B1_spring2019,22
xhp20,21
ST_B10_2018_2019,21
BulkDensity,21
SR_B2_summer2019,19
SR_B4_spring2019,18
SR_B3_2018_2019,18
SR_B5_2018_2019,18
SR_B4_autumn2019,18
SR_B1_autumn2019,18
SR_B4_summer2019,18
SR_B7_autumn2019,18
SR_B7_summer2019,18
SR_B6_autumn2019,17
SR_B6_spring2019,17
ls,16
SR_B4_winter2019,16
SR_B2_all,16
SR_B5_all,15
SR_B6_2019,15
SR_B6_all,15
SR_B7_2019,15
SR_B1_2018_2019,14
SR_B3_autumn2019,14
SR_B1_winter2019,14
SR_B3_all,13
SR_B1_2019,13
SR_B2_autumn2019,13
SR_B7_2018_2019,13
SR_B3_winter2019,12
SR_B7_all,12
SR_B2_2019,12
SR_B4_2019,11
SR_B6_2018_2019,11
SR_B3_spring2019,10
SR_B2_winter2019,10
SR_B2_2018_2019,9
SR_B3_2019,9
SR_B2_spring2019,9
SR_B1_all,5
