Feature,Importance
pH,11
lstn,7
mb7,4
alb,3
snd20,3
bio1,2
para,2
SR_B6_autumn2019,2
slope,2
hp20,2
SR_B6_summer2019,2
SR_B3_winter2019,2
SR_B6_all,1
soc20,1
mb2,1
lstd,1
bp,1
bio12,1
SR_B6_spring2019,1
SR_B7_winter2019,1
SR_B3_spring2019,1
SR_B1_spring2019,1
ST_B10_summer2019,1
ST_B10_all,1
SR_B3_all,1
xhp20,1
ST_B10_2019,1
SR_B6_2018_2019,1
SR_B3_2018_2019,1
SR_B1_2018_2019,1
cec20,0
dows,0
ecec20,0
ls,0
parv,0
mb3,0
mb1,0
SR_B4_all,0
SR_B4_2018_2019,0
SR_B5_2018_2019,0
SR_B7_2018_2019,0
SR_B2_2018_2019,0
SR_B7_all,0
SR_B5_all,0
SR_B2_all,0
SR_B1_all,0
BulkDensity,0
wp,0
tim,0
ph20,0
SR_B7_2019,0
SR_B6_2019,0
SR_B5_2019,0
SR_B4_2019,0
SR_B2_2019,0
SR_B3_2019,0
SR_B1_2019,0
ST_B10_2018_2019,0
SR_B7_summer2019,0
SR_B1_autumn2019,0
SR_B3_autumn2019,0
SR_B1_summer2019,0
SR_B4_summer2019,0
SR_B3_summer2019,0
SR_B5_summer2019,0
SR_B2_summer2019,0
ST_B10_autumn2019,0
SR_B7_autumn2019,0
SR_B5_autumn2019,0
SR_B4_autumn2019,0
SR_B2_autumn2019,0
SR_B4_winter2019,0
SR_B2_winter2019,0
SR_B1_winter2019,0
ST_B10_winter2019,0
SR_B6_winter2019,0
SR_B5_winter2019,0
SR_B2_spring2019,0
SR_B4_spring2019,0
SR_B5_spring2019,0
SR_B7_spring2019,0
ST_B10_spring2019,0
