Feature,Importance
pH,39
soc20,24
lstd,21
bio12,21
mb2,17
lstn,16
dows,10
ph20,9
ST_B10_2018_2019,8
SR_B6_2018_2019,8
bio1,7
xhp20,7
ST_B10_2019,7
SR_B4_all,6
SR_B6_summer2019,6
para,6
ST_B10_spring2019,6
SR_B5_all,5
ecec20,4
alb,4
BulkDensity,4
ST_B10_all,4
SR_B7_autumn2019,4
hp20,4
parv,3
bp,3
SR_B7_summer2019,3
SR_B6_all,3
snd20,3
mb7,3
cec20,3
wp,3
mb1,2
SR_B4_winter2019,2
ST_B10_summer2019,2
SR_B3_2018_2019,2
ST_B10_autumn2019,2
SR_B6_autumn2019,2
SR_B1_all,2
slope,2
mb3,1
ls,1
SR_B4_2019,1
SR_B3_2019,1
SR_B3_all,1
tim,1
SR_B2_2018_2019,1
SR_B5_summer2019,1
SR_B1_autumn2019,1
SR_B5_autumn2019,1
ST_B10_winter2019,1
SR_B2_summer2019,1
SR_B5_2019,0
SR_B6_2019,0
SR_B7_2019,0
SR_B1_2018_2019,0
SR_B5_2018_2019,0
SR_B7_2018_2019,0
SR_B4_2018_2019,0
SR_B7_all,0
SR_B2_all,0
SR_B1_2019,0
SR_B2_2019,0
SR_B3_summer2019,0
SR_B4_summer2019,0
SR_B1_summer2019,0
SR_B3_autumn2019,0
SR_B2_autumn2019,0
SR_B4_autumn2019,0
SR_B2_winter2019,0
SR_B3_winter2019,0
SR_B5_winter2019,0
SR_B6_winter2019,0
SR_B1_winter2019,0
SR_B7_winter2019,0
SR_B1_spring2019,0
SR_B3_spring2019,0
SR_B2_spring2019,0
SR_B4_spring2019,0
SR_B5_spring2019,0
SR_B6_spring2019,0
SR_B7_spring2019,0
