Feature,Importance
pH,130
lstn,46
dows,41
bio12,39
bio1,39
bp,38
mb1,36
snd20,36
slope,35
mb7,35
ST_B10_spring2019,32
SR_B7_all,32
ecec20,32
soc20,31
ph20,31
ST_B10_summer2019,31
mb2,31
parv,28
ST_B10_autumn2019,28
tim,27
lstd,25
cec20,25
hp20,25
SR_B7_summer2019,24
alb,24
mb3,23
SR_B5_all,22
ST_B10_2018_2019,22
SR_B5_spring2019,21
ST_B10_winter2019,21
SR_B5_autumn2019,20
para,20
ST_B10_2019,19
SR_B1_winter2019,18
SR_B2_2018_2019,18
SR_B4_winter2019,17
SR_B6_autumn2019,17
SR_B6_winter2019,16
ST_B10_all,16
SR_B7_spring2019,16
SR_B1_summer2019,15
SR_B7_winter2019,15
wp,15
SR_B1_spring2019,15
xhp20,14
SR_B5_summer2019,13
SR_B6_spring2019,13
SR_B4_2019,13
SR_B7_2018_2019,12
BulkDensity,12
SR_B1_2018_2019,12
SR_B2_summer2019,12
SR_B5_winter2019,12
SR_B1_2019,12
SR_B6_2018_2019,12
SR_B3_2018_2019,12
SR_B7_autumn2019,11
SR_B3_winter2019,11
SR_B6_summer2019,11
SR_B6_all,11
SR_B4_2018_2019,11
SR_B3_all,11
SR_B4_spring2019,10
SR_B5_2019,10
SR_B3_summer2019,9
SR_B7_2019,9
SR_B5_2018_2019,9
SR_B3_spring2019,9
SR_B4_all,9
SR_B2_2019,9
SR_B4_autumn2019,9
SR_B1_all,9
SR_B2_all,8
ls,7
SR_B2_winter2019,7
SR_B4_summer2019,7
SR_B1_autumn2019,6
SR_B2_autumn2019,6
SR_B6_2019,5
SR_B3_autumn2019,3
SR_B2_spring2019,3
SR_B3_2019,2
