Feature,Importance
pH,232
ST_B10_autumn2019,111
bio1,106
parv,101
bp,88
bio12,86
slope,86
ST_B10_winter2019,83
snd20,81
tim,81
ST_B10_summer2019,79
mb1,79
lstn,78
dows,73
para,72
wp,71
alb,70
SR_B5_spring2019,69
mb2,68
ST_B10_spring2019,67
xhp20,66
SR_B5_summer2019,63
ph20,63
lstd,61
soc20,59
ST_B10_2019,59
SR_B6_summer2019,58
mb3,56
BulkDensity,56
SR_B5_winter2019,55
SR_B6_winter2019,54
ST_B10_all,52
SR_B7_spring2019,51
SR_B4_autumn2019,51
cec20,49
hp20,49
mb7,49
ecec20,48
SR_B6_spring2019,47
SR_B7_winter2019,45
SR_B6_all,43
SR_B5_autumn2019,42
SR_B4_2019,42
SR_B3_winter2019,40
ST_B10_2018_2019,38
SR_B4_winter2019,37
SR_B5_all,36
SR_B5_2019,35
SR_B1_summer2019,35
ls,34
SR_B1_all,34
SR_B6_autumn2019,34
SR_B3_spring2019,34
SR_B1_spring2019,33
SR_B2_summer2019,33
SR_B2_winter2019,32
SR_B3_autumn2019,31
SR_B7_all,31
SR_B2_all,30
SR_B7_summer2019,30
SR_B4_summer2019,29
SR_B6_2019,29
SR_B4_2018_2019,29
SR_B6_2018_2019,29
SR_B4_all,28
SR_B7_2018_2019,27
SR_B7_autumn2019,27
SR_B5_2018_2019,26
SR_B1_winter2019,24
SR_B3_2019,24
SR_B1_2018_2019,21
SR_B7_2019,21
SR_B3_summer2019,21
SR_B4_spring2019,18
SR_B2_spring2019,18
SR_B1_autumn2019,18
SR_B3_all,17
SR_B2_2019,17
SR_B3_2018_2019,16
SR_B2_autumn2019,13
SR_B2_2018_2019,11
SR_B1_2019,10
