Feature,Importance
pH,33
bio1,32
bio12,32
ST_B10_autumn2019,32
dows,30
lstn,23
slope,22
ph20,19
ST_B10_summer2019,17
mb3,17
alb,16
tim,16
snd20,14
soc20,14
bp,14
mb1,13
mb7,13
para,12
SR_B5_all,12
lstd,11
mb2,11
BulkDensity,9
parv,9
SR_B7_winter2019,8
SR_B1_summer2019,8
ST_B10_winter2019,8
ST_B10_spring2019,8
SR_B5_summer2019,8
wp,8
cec20,7
SR_B6_summer2019,7
SR_B1_2018_2019,7
ST_B10_2019,7
SR_B2_all,7
SR_B2_summer2019,7
SR_B4_winter2019,7
SR_B2_2019,6
ST_B10_2018_2019,6
SR_B6_2018_2019,6
SR_B5_autumn2019,6
SR_B5_winter2019,6
SR_B7_all,6
SR_B1_winter2019,5
SR_B3_spring2019,5
hp20,5
SR_B3_winter2019,5
SR_B1_all,5
SR_B5_2019,5
SR_B7_2018_2019,5
SR_B3_all,5
SR_B6_autumn2019,5
ecec20,4
ST_B10_all,4
SR_B5_spring2019,4
SR_B7_autumn2019,4
SR_B1_spring2019,4
SR_B4_spring2019,4
SR_B7_summer2019,4
SR_B4_all,4
SR_B3_2018_2019,3
SR_B3_2019,3
SR_B4_2019,3
SR_B4_2018_2019,3
SR_B4_summer2019,3
SR_B6_spring2019,2
SR_B6_2019,2
SR_B3_summer2019,2
SR_B6_winter2019,2
SR_B4_autumn2019,1
SR_B2_winter2019,1
xhp20,1
SR_B1_2019,1
SR_B1_autumn2019,1
SR_B2_2018_2019,1
ls,0
SR_B7_2019,0
SR_B6_all,0
SR_B5_2018_2019,0
SR_B2_autumn2019,0
SR_B3_autumn2019,0
SR_B2_spring2019,0
SR_B7_spring2019,0
