Feature,Importance
pH,64
bp,57
tim,44
slope,32
mb1,30
alb,24
mb7,24
SR_B5_2018_2019,19
lstn,19
bio1,19
wp,18
mb2,18
bio12,18
SR_B5_2019,18
SR_B5_autumn2019,17
parv,17
cec20,15
SR_B7_summer2019,15
snd20,14
ST_B10_summer2019,14
ph20,14
ST_B10_2019,13
SR_B5_summer2019,13
ST_B10_all,13
para,13
ST_B10_autumn2019,13
ST_B10_winter2019,13
ecec20,12
SR_B4_summer2019,12
soc20,11
BulkDensity,11
dows,10
SR_B6_summer2019,10
SR_B6_autumn2019,10
ST_B10_2018_2019,9
SR_B3_spring2019,9
mb3,9
lstd,9
SR_B6_spring2019,9
SR_B4_all,9
SR_B1_summer2019,9
SR_B5_spring2019,8
ST_B10_spring2019,8
ls,7
SR_B1_autumn2019,7
SR_B7_autumn2019,7
SR_B5_winter2019,7
SR_B4_spring2019,7
SR_B1_2018_2019,6
SR_B5_all,6
SR_B4_autumn2019,6
SR_B4_2019,6
SR_B3_summer2019,6
SR_B2_summer2019,6
xhp20,5
SR_B2_spring2019,5
SR_B7_spring2019,5
SR_B2_winter2019,5
SR_B6_all,5
SR_B3_2018_2019,5
hp20,4
SR_B7_winter2019,4
SR_B1_all,4
SR_B3_all,4
SR_B4_2018_2019,4
SR_B7_all,3
SR_B2_all,3
SR_B2_autumn2019,3
SR_B1_spring2019,3
SR_B4_winter2019,3
SR_B7_2018_2019,3
SR_B6_2018_2019,3
SR_B1_2019,2
SR_B6_2019,2
SR_B3_autumn2019,2
SR_B3_winter2019,2
SR_B6_winter2019,2
SR_B3_2019,2
SR_B2_2018_2019,1
SR_B7_2019,1
SR_B1_winter2019,1
SR_B2_2019,0
