Feature,Importance
snd20,19.503643711519867
mb3,14.88856620336121
SR_B3_2018_2019,9.019139148771883
lstd,8.150714848059033
pH,7.362772547780808
SR_B4_2018_2019,7.0677458390873875
ST_B10_spring2019,4.848711404971443
mb2,4.595104829623296
soc20,4.411026158638351
ecec20,4.02709059699693
ST_B10_winter2019,3.195900698191783
SR_B1_summer2019,2.910902989757238
SR_B3_autumn2019,2.8623743852949133
mb7,2.323370620097751
ST_B10_2019,2.2968964754165784
SR_B3_all,1.392605877586224
SR_B6_spring2019,1.1434336648453056
alb,0.0
parv,0.0
para,0.0
lstn,0.0
mb1,0.0
cec20,0.0
dows,0.0
hp20,0.0
ls,0.0
bio12,0.0
bp,0.0
bio1,0.0
SR_B2_all,0.0
BulkDensity,0.0
SR_B1_all,0.0
tim,0.0
slope,0.0
ST_B10_all,0.0
SR_B7_all,0.0
SR_B6_all,0.0
SR_B2_2018_2019,0.0
SR_B5_2018_2019,0.0
SR_B6_2018_2019,0.0
SR_B7_2018_2019,0.0
SR_B1_2018_2019,0.0
ST_B10_2018_2019,0.0
SR_B1_2019,0.0
SR_B3_2019,0.0
SR_B4_all,0.0
SR_B5_all,0.0
wp,0.0
xhp20,0.0
ph20,0.0
SR_B7_2019,0.0
SR_B6_2019,0.0
SR_B5_2019,0.0
SR_B4_2019,0.0
SR_B2_2019,0.0
SR_B5_summer2019,0.0
SR_B3_summer2019,0.0
SR_B2_summer2019,0.0
ST_B10_summer2019,0.0
SR_B1_autumn2019,0.0
SR_B2_autumn2019,0.0
SR_B4_autumn2019,0.0
SR_B5_autumn2019,0.0
SR_B6_summer2019,0.0
SR_B7_summer2019,0.0
SR_B4_summer2019,0.0
ST_B10_autumn2019,0.0
SR_B7_autumn2019,0.0
SR_B6_autumn2019,0.0
SR_B1_winter2019,0.0
SR_B4_winter2019,0.0
SR_B5_winter2019,0.0
SR_B3_winter2019,0.0
SR_B2_winter2019,0.0
SR_B7_winter2019,0.0
SR_B6_winter2019,0.0
SR_B1_spring2019,0.0
SR_B2_spring2019,0.0
SR_B4_spring2019,0.0
SR_B3_spring2019,0.0
SR_B5_spring2019,0.0
SR_B7_spring2019,0.0
