Feature,Importance
pH,41.1697250652879
lstn,15.495326961794678
mb7,13.76544099862935
snd20,11.460290730950089
SR_B5_winter2019,6.855722602414841
SR_B3_autumn2019,5.010567487693532
ST_B10_all,4.962068380864826
ST_B10_winter2019,1.2808577723648065
bio1,0.0
alb,0.0
ls,0.0
hp20,0.0
mb1,0.0
bio12,0.0
dows,0.0
ecec20,0.0
bp,0.0
cec20,0.0
parv,0.0
para,0.0
mb3,0.0
mb2,0.0
lstd,0.0
tim,0.0
slope,0.0
ph20,0.0
BulkDensity,0.0
SR_B1_all,0.0
SR_B3_all,0.0
SR_B2_all,0.0
SR_B4_all,0.0
wp,0.0
xhp20,0.0
soc20,0.0
SR_B1_2018_2019,0.0
SR_B2_2018_2019,0.0
SR_B3_2018_2019,0.0
SR_B4_2018_2019,0.0
SR_B5_2018_2019,0.0
SR_B6_2018_2019,0.0
SR_B7_2018_2019,0.0
ST_B10_2018_2019,0.0
SR_B1_2019,0.0
SR_B2_2019,0.0
SR_B3_2019,0.0
SR_B4_2019,0.0
SR_B5_2019,0.0
SR_B5_all,0.0
SR_B6_all,0.0
SR_B7_all,0.0
ST_B10_2019,0.0
SR_B7_2019,0.0
SR_B6_2019,0.0
SR_B1_summer2019,0.0
SR_B5_summer2019,0.0
SR_B6_summer2019,0.0
SR_B3_summer2019,0.0
SR_B2_summer2019,0.0
ST_B10_summer2019,0.0
SR_B1_autumn2019,0.0
SR_B2_autumn2019,0.0
SR_B4_autumn2019,0.0
SR_B5_autumn2019,0.0
SR_B6_autumn2019,0.0
SR_B7_summer2019,0.0
SR_B4_summer2019,0.0
ST_B10_autumn2019,0.0
SR_B7_autumn2019,0.0
SR_B1_winter2019,0.0
SR_B2_winter2019,0.0
SR_B4_winter2019,0.0
SR_B3_winter2019,0.0
SR_B6_winter2019,0.0
SR_B7_winter2019,0.0
SR_B1_spring2019,0.0
SR_B2_spring2019,0.0
SR_B3_spring2019,0.0
SR_B4_spring2019,0.0
SR_B5_spring2019,0.0
SR_B6_spring2019,0.0
SR_B7_spring2019,0.0
ST_B10_spring2019,0.0
