Feature,Importance
pH,25.83374667388722
slope,13.064041875634656
bio1,13.018814747192213
ST_B10_autumn2019,11.374523538339378
lstn,8.340617205890998
bio12,5.4112329967149
lstd,5.180528289671705
mb7,4.4493049935648274
cec20,4.098233546642828
tim,2.6154637716743556
SR_B6_winter2019,2.44892225933913
SR_B1_spring2019,1.8934856517429215
SR_B5_2019,1.3475661917204518
SR_B3_2018_2019,0.6929464091434793
SR_B5_summer2019,0.23057184884094173
alb,0.0
dows,0.0
bp,0.0
parv,0.0
para,0.0
mb3,0.0
mb2,0.0
mb1,0.0
ecec20,0.0
hp20,0.0
ls,0.0
SR_B1_all,0.0
SR_B2_all,0.0
SR_B3_all,0.0
SR_B4_all,0.0
soc20,0.0
wp,0.0
snd20,0.0
ph20,0.0
ST_B10_all,0.0
SR_B7_all,0.0
SR_B2_2018_2019,0.0
SR_B1_2018_2019,0.0
SR_B5_2018_2019,0.0
SR_B6_2018_2019,0.0
SR_B7_2018_2019,0.0
SR_B4_2018_2019,0.0
ST_B10_2018_2019,0.0
SR_B1_2019,0.0
SR_B3_2019,0.0
SR_B2_2019,0.0
SR_B5_all,0.0
SR_B6_all,0.0
xhp20,0.0
BulkDensity,0.0
ST_B10_2019,0.0
SR_B7_2019,0.0
SR_B6_2019,0.0
SR_B4_2019,0.0
SR_B4_summer2019,0.0
SR_B6_summer2019,0.0
SR_B3_summer2019,0.0
SR_B1_summer2019,0.0
ST_B10_summer2019,0.0
SR_B1_autumn2019,0.0
SR_B3_autumn2019,0.0
SR_B2_autumn2019,0.0
SR_B4_autumn2019,0.0
SR_B5_autumn2019,0.0
SR_B7_summer2019,0.0
SR_B2_summer2019,0.0
SR_B7_autumn2019,0.0
SR_B6_autumn2019,0.0
SR_B3_winter2019,0.0
SR_B1_winter2019,0.0
SR_B4_winter2019,0.0
SR_B5_winter2019,0.0
SR_B7_winter2019,0.0
SR_B2_winter2019,0.0
ST_B10_winter2019,0.0
SR_B2_spring2019,0.0
SR_B3_spring2019,0.0
SR_B4_spring2019,0.0
SR_B5_spring2019,0.0
SR_B6_spring2019,0.0
SR_B7_spring2019,0.0
ST_B10_spring2019,0.0
